Ticker,Name,Sector,Industry
A,Agilent Technologies Inc.,Healthcare,Diagnostics & Research
AAPL,Apple Inc.,Technology,Consumer Electronics
AAPL,Apple Inc.,Technology,Consumer Electronics
AAPL,Apple Inc.,Technology,Consumer Electronics
ABBV,AbbVie Inc.,Healthcare,Drug Manufacturers - General
ABNB,Airbnb Inc.,Consumer Cyclical,Travel Services
ABNB,Airbnb Inc.,Consumer Cyclical,Travel Services
ABT,Abbott Laboratories,Healthcare,Medical Devices
ACGL,Arch Capital Group Ltd.,Financial Services,Insurance - Diversified
ACN,Accenture plc,Technology,Information Technology Services
ADBE,Adobe Inc.,Technology,Software - Application
ADBE,Adobe Inc.,Technology,Software - Application
ADI,Analog Devices Inc.,Technology,Semiconductors
ADI,Analog Devices Inc.,Technology,Semiconductors
ADM,Archer-Daniels-Midland Company,Consumer Defensive,Farm Products
ADP,Automatic Data Processing Inc.,Technology,Software - Application
ADP,Automatic Data Processing Inc.,Technology,Software - Application
ADSK,Autodesk Inc.,Technology,Software - Application
ADSK,Autodesk Inc.,Technology,Software - Application
AEE,Ameren Corporation,Utilities,Utilities - Regulated Electric
AEP,American Electric Power Company Inc.,Utilities,Utilities - Regulated Electric
AEP,American Electric Power Company Inc.,Utilities,Utilities - Regulated Electric
AES,The AES Corporation,Utilities,Utilities - Diversified
AFL,Aflac Incorporated,Financial Services,Insurance - Life
AIG,American International Group Inc.,Financial Services,Insurance - Diversified
AIZ,Assurant Inc.,Financial Services,Insurance - Property & Casualty
AJG,Arthur J. Gallagher & Co.,Financial Services,Insurance Brokers
AKAM,Akamai Technologies Inc.,Technology,Software - Infrastructure
ALB,Albemarle Corporation,Basic Materials,Specialty Chemicals
ALGN,Align Technology Inc.,Healthcare,Medical Instruments & Supplies
ALL,The Allstate Corporation,Financial Services,Insurance - Property & Casualty
ALLE,Allegion plc,Industrials,Security & Protection Services
AMAT,Applied Materials Inc.,Technology,Semiconductor Equipment & Materials
AMAT,Applied Materials Inc.,Technology,Semiconductor Equipment & Materials
AMCR,Amcor plc,Consumer Cyclical,Packaging & Containers
AMD,Advanced Micro Devices Inc.,Technology,Semiconductors
AMD,Advanced Micro Devices Inc.,Technology,Semiconductors
AME,AMETEK Inc.,Industrials,Specialty Industrial Machinery
AMGN,Amgen Inc.,Healthcare,Drug Manufacturers - General
AMGN,Amgen Inc.,Healthcare,Drug Manufacturers - General
AMGN,Amgen Inc.,Healthcare,Drug Manufacturers - General
AMP,Ameriprise Financial Inc.,Financial Services,Asset Management
AMT,American Tower Corporation,Real Estate,REIT - Specialty
AMZN,Amazon.com Inc.,Consumer Cyclical,Internet Retail
AMZN,Amazon.com Inc.,Consumer Cyclical,Internet Retail
AMZN,Amazon.com Inc.,Consumer Cyclical,Internet Retail
ANET,Arista Networks Inc,Technology,Computer Hardware
AON,Aon plc,Financial Services,Insurance Brokers
AOS,A. O. Smith Corporation,Industrials,Specialty Industrial Machinery
APA,APA Corporation,Energy,Oil & Gas E&P
APD,Air Products and Chemicals Inc.,Basic Materials,Specialty Chemicals
APH,Amphenol Corporation,Technology,Electronic Components
APO,Apollo Global Management Inc.,Financial Services,Asset Management
APP,AppLovin Corporation,Communication Services,Advertising Agencies
APP,AppLovin Corporation,Communication Services,Advertising Agencies
APTV,Aptiv PLC,Consumer Cyclical,Auto Parts
ARE,Alexandria Real Estate Equities Inc.,Real Estate,REIT - Office
ARM,Arm Holdings plc,Technology,Semiconductors
ASML,ASML Holding N.V.,Technology,Semiconductor Equipment & Materials
ATO,Atmos Energy Corporation,Utilities,Utilities - Regulated Gas
AVB,AvalonBay Communities Inc.,Real Estate,REIT - Residential
AVGO,Broadcom Inc.,Technology,Semiconductors
AVGO,Broadcom Inc.,Technology,Semiconductors
AVY,Avery Dennison Corporation,Consumer Cyclical,Packaging & Containers
AWK,American Water Works Company Inc.,Utilities,Utilities - Regulated Water
AXON,Axon Enterprise Inc.,Industrials,Aerospace & Defense
AXON,Axon Enterprise Inc.,Industrials,Aerospace & Defense
AXP,American Express Company,Financial Services,Credit Services
AXP,American Express Company,Financial Services,Credit Services
AZN,AstraZeneca PLC,Healthcare,Drug Manufacturers - General
AZO,AutoZone Inc.,Consumer Cyclical,Auto Parts
BA,The Boeing Company,Industrials,Aerospace & Defense
BA,The Boeing Company,Industrials,Aerospace & Defense
BAC,Bank of America Corporation,Financial Services,Banks - Diversified
BALL,Ball Corporation,Consumer Cyclical,Packaging & Containers
BAX,Baxter International Inc.,Healthcare,Medical Instruments & Supplies
BBY,Best Buy Co. Inc.,Consumer Cyclical,Specialty Retail
BDX,Becton Dickinson and Company,Healthcare,Medical Instruments & Supplies
BEN,Franklin Resources Inc.,Financial Services,Asset Management
BF-B,Brown-Forman Corporation Class B,Consumer Defensive,Beverages - Brewers
BG,Bunge Global SA,Consumer Defensive,Farm Products
BIIB,Biogen Inc.,Healthcare,Drug Manufacturers - General
BIIB,Biogen Inc.,Healthcare,Drug Manufacturers - General
BK,The Bank of New York Mellon Corporation,Financial Services,Banks - Diversified
BKNG,Booking Holdings Inc.,Consumer Cyclical,Travel Services
BKNG,Booking Holdings Inc.,Consumer Cyclical,Travel Services
BKR,Baker Hughes Company,Energy,Oil & Gas Equipment & Services
BKR,Baker Hughes Company,Energy,Oil & Gas Equipment & Services
BLDR,Builders FirstSource Inc.,Industrials,Building Products & Equipment
BLK,BlackRock Inc.,Financial Services,Asset Management
BMY,Bristol-Myers Squibb Company,Healthcare,Drug Manufacturers - General
BR,Broadridge Financial Solutions Inc.,Technology,Information Technology Services
BRK-B,Berkshire Hathaway Inc. Class B,Financial Services,Insurance - Diversified
BRO,Brown & Brown Inc.,Financial Services,Insurance Brokers
BSX,Boston Scientific Corporation,Healthcare,Medical Devices
BX,Blackstone Inc.,Financial Services,Asset Management
BXP,BXP Inc.,Real Estate,REIT - Office
C,Citigroup Inc.,Financial Services,Banks - Diversified
CAG,Conagra Brands Inc.,Consumer Defensive,Packaged Foods
CAH,Cardinal Health Inc.,Healthcare,Medical Distribution
CARR,Carrier Global Corporation,Industrials,Building Products & Equipment
CAT,Caterpillar Inc.,Industrials,Farm & Heavy Construction Machinery
CAT,Caterpillar Inc.,Industrials,Farm & Heavy Construction Machinery
CB,Chubb Limited,Financial Services,Insurance - Property & Casualty
CBOE,Cboe Global Markets Inc.,Financial Services,Financial Data & Stock Exchanges
CBRE,CBRE Group Inc.,Real Estate,Real Estate Services
CCEP,Coca-Cola Europacific Partners PLC,Consumer Defensive,Beverages - Non-Alcoholic
CCI,Crown Castle Inc.,Real Estate,REIT - Specialty
CCL,Carnival Corporation & plc,Consumer Cyclical,Travel Services
CDNS,Cadence Design Systems Inc.,Technology,Software - Application
CDNS,Cadence Design Systems Inc.,Technology,Software - Application
CDW,CDW Corporation,Technology,Information Technology Services
CDW,CDW Corporation,Technology,Information Technology Services
CEG,Constellation Energy Corporation,Utilities,Utilities - Renewable
CEG,Constellation Energy Corporation,Utilities,Utilities - Renewable
CF,CF Industries Holdings Inc.,Basic Materials,Agricultural Inputs
CFG,Citizens Financial Group Inc.,Financial Services,Banks - Regional
CHD,Church & Dwight Co. Inc.,Consumer Defensive,Household & Personal Products
CHRW,C.H. Robinson Worldwide Inc.,Industrials,Integrated Freight & Logistics
CHTR,Charter Communications Inc.,Communication Services,Telecom Services
CHTR,Charter Communications Inc.,Communication Services,Telecom Services
CI,The Cigna Group,Healthcare,Healthcare Plans
CINF,Cincinnati Financial Corporation,Financial Services,Insurance - Property & Casualty
CL,Colgate-Palmolive Company,Consumer Defensive,Household & Personal Products
CLX,The Clorox Company,Consumer Defensive,Household & Personal Products
CMCSA,Comcast Corporation,Communication Services,Telecom Services
CMCSA,Comcast Corporation,Communication Services,Telecom Services
CME,CME Group Inc.,Financial Services,Financial Data & Stock Exchanges
CMG,Chipotle Mexican Grill Inc.,Consumer Cyclical,Restaurants
CMI,Cummins Inc.,Industrials,Specialty Industrial Machinery
CMS,CMS Energy Corporation,Utilities,Utilities - Regulated Electric
CNC,Centene Corporation,Healthcare,Healthcare Plans
CNP,CenterPoint Energy Inc.,Utilities,Utilities - Regulated Electric
COF,Capital One Financial Corporation,Financial Services,Credit Services
COIN,Coinbase Global Inc.,Financial Services,Financial Data & Stock Exchanges
COO,The Cooper Companies Inc.,Healthcare,Medical Instruments & Supplies
COP,ConocoPhillips,Energy,Oil & Gas E&P
COR,Cencora Inc.,Healthcare,Medical Distribution
COST,Costco Wholesale Corporation,Consumer Defensive,Discount Stores
COST,Costco Wholesale Corporation,Consumer Defensive,Discount Stores
CPAY,Corpay Inc.,Technology,Software - Infrastructure
CPB,The Campbell's Company,Consumer Defensive,Packaged Foods
CPRT,Copart Inc.,Industrials,Specialty Business Services
CPRT,Copart Inc.,Industrials,Specialty Business Services
CPT,Camden Property Trust,Real Estate,REIT - Residential
CRL,Charles River Laboratories International Inc.,Healthcare,Diagnostics & Research
CRM,Salesforce Inc.,Technology,Software - Application
CRM,Salesforce Inc.,Technology,Software - Application
CRWD,CrowdStrike Holdings Inc.,Technology,Software - Infrastructure
CRWD,CrowdStrike Holdings Inc.,Technology,Software - Infrastructure
CSCO,Cisco Systems Inc.,Technology,Communication Equipment
CSCO,Cisco Systems Inc.,Technology,Communication Equipment
CSCO,Cisco Systems Inc.,Technology,Communication Equipment
CSGP,CoStar Group Inc.,Real Estate,Real Estate Services
CSGP,CoStar Group Inc.,Real Estate,Real Estate Services
CSX,CSX Corporation,Industrials,Railroads
CSX,CSX Corporation,Industrials,Railroads
CTAS,Cintas Corporation,Industrials,Specialty Business Services
CTAS,Cintas Corporation,Industrials,Specialty Business Services
CTRA,Coterra Energy Inc.,Energy,Oil & Gas E&P
CTSH,Cognizant Technology Solutions Corporation,Technology,Information Technology Services
CTSH,Cognizant Technology Solutions Corporation,Technology,Information Technology Services
CTVA,Corteva Inc.,Basic Materials,Agricultural Inputs
CVS,CVS Health Corporation,Healthcare,Healthcare Plans
CVX,Chevron Corporation,Energy,Oil & Gas Integrated
CVX,Chevron Corporation,Energy,Oil & Gas Integrated
D,Dominion Energy Inc.,Utilities,Utilities - Regulated Electric
DAL,Delta Air Lines Inc.,Industrials,Airlines
DASH,DoorDash Inc.,Consumer Cyclical,Internet Retail
DASH,DoorDash Inc.,Consumer Cyclical,Internet Retail
DAY,Dayforce Inc,Technology,Software - Application
DD,DuPont de Nemours Inc.,Basic Materials,Specialty Chemicals
DDOG,Datadog Inc.,Technology,Software - Application
DDOG,Datadog Inc.,Technology,Software - Application
DE,Deere & Company,Industrials,Farm & Heavy Construction Machinery
DECK,Deckers Outdoor Corporation,Consumer Cyclical,Footwear & Accessories
DELL,Dell Technologies Inc.,Technology,Computer Hardware
DG,Dollar General Corporation,Consumer Defensive,Discount Stores
DGX,Quest Diagnostics Incorporated,Healthcare,Diagnostics & Research
DHI,D.R. Horton Inc.,Consumer Cyclical,Residential Construction
DHR,Danaher Corporation,Healthcare,Diagnostics & Research
DIS,The Walt Disney Company,Communication Services,Entertainment
DIS,The Walt Disney Company,Communication Services,Entertainment
DLR,Digital Realty Trust Inc.,Real Estate,REIT - Specialty
DLTR,Dollar Tree Inc.,Consumer Defensive,Discount Stores
DOC,Healthpeak Properties Inc.,Real Estate,REIT - Healthcare Facilities
DOV,Dover Corporation,Industrials,Specialty Industrial Machinery
DOW,Dow Inc.,Basic Materials,Chemicals
DPZ,Domino's Pizza Inc.,Consumer Cyclical,Restaurants
DRI,Darden Restaurants Inc.,Consumer Cyclical,Restaurants
DTE,DTE Energy Company,Utilities,Utilities - Regulated Electric
DUK,Duke Energy Corporation,Utilities,Utilities - Regulated Electric
DVA,DaVita Inc.,Healthcare,Medical Care Facilities
DVN,Devon Energy Corporation,Energy,Oil & Gas E&P
DXCM,DexCom Inc.,Healthcare,Medical Devices
DXCM,DexCom Inc.,Healthcare,Medical Devices
EA,Electronic Arts Inc.,Communication Services,Electronic Gaming & Multimedia
EA,Electronic Arts Inc.,Communication Services,Electronic Gaming & Multimedia
EBAY,eBay Inc.,Consumer Cyclical,Internet Retail
ECL,Ecolab Inc.,Basic Materials,Specialty Chemicals
ED,Consolidated Edison Inc.,Utilities,Utilities - Regulated Electric
EFX,Equifax Inc.,Industrials,Consulting Services
EG,Everest Group Ltd.,Financial Services,Insurance - Reinsurance
EIX,Edison International,Utilities,Utilities - Regulated Electric
EL,The Est√©e Lauder Companies Inc.,Consumer Defensive,Household & Personal Products
ELV,Elevance Health Inc.,Healthcare,Healthcare Plans
EME,EMCOR Group Inc.,Industrials,Engineering & Construction
EMN,Eastman Chemical Company,Basic Materials,Specialty Chemicals
EMR,Emerson Electric Co.,Industrials,Specialty Industrial Machinery
EOG,EOG Resources Inc.,Energy,Oil & Gas E&P
EPAM,EPAM Systems Inc.,Technology,Information Technology Services
EQIX,Equinix Inc.,Real Estate,REIT - Specialty
EQR,Equity Residential,Real Estate,REIT - Residential
EQT,EQT Corporation,Energy,Oil & Gas E&P
ERIE,Erie Indemnity Company,Financial Services,Insurance Brokers
ES,Eversource Energy,Utilities,Utilities - Regulated Electric
ESS,Essex Property Trust Inc.,Real Estate,REIT - Residential
ETN,Eaton Corporation plc,Industrials,Specialty Industrial Machinery
ETR,Entergy Corporation,Utilities,Utilities - Regulated Electric
EVRG,Evergy Inc.,Utilities,Utilities - Regulated Electric
EW,Edwards Lifesciences Corporation,Healthcare,Medical Devices
EXC,Exelon Corporation,Utilities,Utilities - Regulated Electric
EXC,Exelon Corporation,Utilities,Utilities - Regulated Electric
EXE,Expand Energy Corporation,Energy,Oil & Gas E&P
EXPD,Expeditors International of Washington Inc.,Industrials,Integrated Freight & Logistics
EXPE,Expedia Group Inc.,Consumer Cyclical,Travel Services
EXR,Extra Space Storage Inc.,Real Estate,REIT - Industrial
F,Ford Motor Company,Consumer Cyclical,Auto Manufacturers
FANG,Diamondback Energy Inc.,Energy,Oil & Gas E&P
FANG,Diamondback Energy Inc.,Energy,Oil & Gas E&P
FAST,Fastenal Company,Industrials,Industrial Distribution
FAST,Fastenal Company,Industrials,Industrial Distribution
FCX,Freeport-McMoRan Inc.,Basic Materials,Copper
FDS,FactSet Research Systems Inc.,Financial Services,Financial Data & Stock Exchanges
FDX,FedEx Corporation,Industrials,Integrated Freight & Logistics
FE,FirstEnergy Corp.,Utilities,Utilities - Regulated Electric
FFIV,F5 Inc.,Technology,Software - Infrastructure
FI,Fiserv Inc.,Technology,Information Technology Services
FICO,Fair Isaac Corporation,Technology,Software - Application
FIS,Fidelity National Information Services Inc.,Technology,Information Technology Services
FITB,Fifth Third Bancorp,Financial Services,Banks - Regional
FOX,Fox Corporation,Communication Services,Entertainment
FOXA,Fox Corporation,Communication Services,Entertainment
FRT,Federal Realty Investment Trust,Real Estate,REIT - Retail
FSLR,First Solar Inc.,Technology,Solar
FTNT,Fortinet Inc.,Technology,Software - Infrastructure
FTNT,Fortinet Inc.,Technology,Software - Infrastructure
FTV,Fortive Corporation,Technology,Scientific & Technical Instruments
GD,General Dynamics Corporation,Industrials,Aerospace & Defense
GDDY,GoDaddy Inc.,Technology,Software - Infrastructure
GE,GE Aerospace,Industrials,Aerospace & Defense
GEHC,GE HealthCare Technologies Inc.,Healthcare,Health Information Services
GEHC,GE HealthCare Technologies Inc.,Healthcare,Health Information Services
GEN,Gen Digital Inc.,Technology,Software - Infrastructure
GEV,GE Vernova Inc.,Industrials,Specialty Industrial Machinery
GFS,GlobalFoundries Inc.,Technology,Semiconductors
GILD,Gilead Sciences Inc.,Healthcare,Drug Manufacturers - General
GILD,Gilead Sciences Inc.,Healthcare,Drug Manufacturers - General
GIS,General Mills Inc.,Consumer Defensive,Packaged Foods
GL,Globe Life Inc.,Financial Services,Insurance - Life
GLW,Corning Incorporated,Technology,Electronic Components
GM,General Motors Company,Consumer Cyclical,Auto Manufacturers
GNRC,Generac Holdings Inc.,Industrials,Specialty Industrial Machinery
GOOG,Alphabet Inc.,Communication Services,Internet Content & Information
GOOG,Alphabet Inc.,Communication Services,Internet Content & Information
GOOGL,Alphabet Inc.,Communication Services,Internet Content & Information
GOOGL,Alphabet Inc.,Communication Services,Internet Content & Information
GPC,Genuine Parts Company,Consumer Cyclical,Auto Parts
GPN,Global Payments Inc.,Industrials,Specialty Business Services
GRMN,Garmin Ltd.,Technology,Scientific & Technical Instruments
GS,The Goldman Sachs Group Inc.,Financial Services,Capital Markets
GS,The Goldman Sachs Group Inc.,Financial Services,Capital Markets
GWW,W.W. Grainger Inc.,Industrials,Industrial Distribution
HAL,Halliburton Company,Energy,Oil & Gas Equipment & Services
HAS,Hasbro Inc.,Consumer Cyclical,Leisure
HBAN,Huntington Bancshares Incorporated,Financial Services,Banks - Regional
HCA,HCA Healthcare Inc.,Healthcare,Medical Care Facilities
HD,The Home Depot Inc.,Consumer Cyclical,Home Improvement Retail
HD,The Home Depot Inc.,Consumer Cyclical,Home Improvement Retail
HIG,The Hartford Insurance Group Inc.,Financial Services,Insurance - Property & Casualty
HII,Huntington Ingalls Industries Inc.,Industrials,Aerospace & Defense
HLT,Hilton Worldwide Holdings Inc.,Consumer Cyclical,Lodging
HOLX,Hologic Inc.,Healthcare,Medical Instruments & Supplies
HON,Honeywell International Inc.,Industrials,Conglomerates
HON,Honeywell International Inc.,Industrials,Conglomerates
HON,Honeywell International Inc.,Industrials,Conglomerates
HOOD,Robinhood Markets Inc.,Financial Services,Capital Markets
HPE,Hewlett Packard Enterprise Company,Technology,Communication Equipment
HPQ,HP Inc.,Technology,Computer Hardware
HRL,Hormel Foods Corporation,Consumer Defensive,Packaged Foods
HSIC,Henry Schein Inc.,Healthcare,Medical Distribution
HST,Host Hotels & Resorts Inc.,Real Estate,REIT - Hotel & Motel
HSY,The Hershey Company,Consumer Defensive,Confectioners
HUBB,Hubbell Incorporated,Industrials,Electrical Equipment & Parts
HUM,Humana Inc.,Healthcare,Healthcare Plans
HWM,Howmet Aerospace Inc.,Industrials,Aerospace & Defense
IBKR,Interactive Brokers Group Inc.,Financial Services,Capital Markets
IBM,International Business Machines Corporation,Technology,Information Technology Services
IBM,International Business Machines Corporation,Technology,Information Technology Services
ICE,Intercontinental Exchange Inc.,Financial Services,Financial Data & Stock Exchanges
IDXX,IDEXX Laboratories Inc.,Healthcare,Diagnostics & Research
IDXX,IDEXX Laboratories Inc.,Healthcare,Diagnostics & Research
IEX,IDEX Corporation,Industrials,Specialty Industrial Machinery
IFF,International Flavors & Fragrances Inc.,Basic Materials,Specialty Chemicals
INCY,Incyte Corporation,Healthcare,Biotechnology
INTC,Intel Corporation,Technology,Semiconductors
INTC,Intel Corporation,Technology,Semiconductors
INTU,Intuit Inc.,Technology,Software - Application
INTU,Intuit Inc.,Technology,Software - Application
INVH,Invitation Homes Inc.,Real Estate,REIT - Residential
IP,International Paper Company,Consumer Cyclical,Packaging & Containers
IPG,The Interpublic Group of Companies Inc.,Communication Services,Advertising Agencies
IQV,IQVIA Holdings Inc.,Healthcare,Diagnostics & Research
IR,Ingersoll Rand Inc.,Industrials,Specialty Industrial Machinery
IRM,Iron Mountain Incorporated,Real Estate,REIT - Specialty
ISRG,Intuitive Surgical Inc.,Healthcare,Medical Instruments & Supplies
ISRG,Intuitive Surgical Inc.,Healthcare,Medical Instruments & Supplies
IT,Gartner Inc.,Technology,Information Technology Services
ITW,Illinois Tool Works Inc.,Industrials,Specialty Industrial Machinery
IVZ,Invesco Ltd.,Financial Services,Asset Management
J,Jacobs Solutions Inc.,Industrials,Engineering & Construction
JBHT,J.B. Hunt Transport Services Inc.,Industrials,Integrated Freight & Logistics
JBL,Jabil Inc.,Technology,Electronic Components
JCI,Johnson Controls International plc,Industrials,Building Products & Equipment
JKHY,Jack Henry & Associates Inc.,Technology,Information Technology Services
JNJ,Johnson & Johnson,Healthcare,Drug Manufacturers - General
JNJ,Johnson & Johnson,Healthcare,Drug Manufacturers - General
JPM,JPMorgan Chase & Co.,Financial Services,Banks - Diversified
JPM,JPMorgan Chase & Co.,Financial Services,Banks - Diversified
K,Kellanova,Consumer Defensive,Packaged Foods
KDP,Keurig Dr Pepper Inc.,Consumer Defensive,Beverages - Non-Alcoholic
KDP,Keurig Dr Pepper Inc.,Consumer Defensive,Beverages - Non-Alcoholic
KEY,KeyCorp,Financial Services,Banks - Regional
KEYS,Keysight Technologies Inc.,Technology,Scientific & Technical Instruments
KHC,The Kraft Heinz Company,Consumer Defensive,Packaged Foods
KHC,The Kraft Heinz Company,Consumer Defensive,Packaged Foods
KIM,Kimco Realty Corporation,Real Estate,REIT - Retail
KKR,KKR & Co. Inc.,Financial Services,Asset Management
KLAC,KLA Corporation,Technology,Semiconductor Equipment & Materials
KLAC,KLA Corporation,Technology,Semiconductor Equipment & Materials
KMB,Kimberly-Clark Corporation,Consumer Defensive,Household & Personal Products
KMI,Kinder Morgan Inc.,Energy,Oil & Gas Midstream
KMX,CarMax Inc.,Consumer Cyclical,Auto & Truck Dealerships
KO,The Coca-Cola Company,Consumer Defensive,Beverages - Non-Alcoholic
KO,The Coca-Cola Company,Consumer Defensive,Beverages - Non-Alcoholic
KR,The Kroger Co.,Consumer Defensive,Grocery Stores
KVUE,Kenvue Inc.,Consumer Defensive,Household & Personal Products
L,Loews Corporation,Financial Services,Insurance - Property & Casualty
LDOS,Leidos Holdings Inc.,Technology,Information Technology Services
LEN,Lennar Corporation,Consumer Cyclical,Residential Construction
LH,Labcorp Holdings Inc.,Healthcare,Diagnostics & Research
LHX,L3Harris Technologies Inc.,Industrials,Aerospace & Defense
LII,Lennox International Inc.,Industrials,Building Products & Equipment
LIN,Linde plc,Basic Materials,Specialty Chemicals
LIN,Linde plc,Basic Materials,Specialty Chemicals
LKQ,LKQ Corporation,Consumer Cyclical,Auto Parts
LLY,Eli Lilly and Company,Healthcare,Drug Manufacturers - General
LMT,Lockheed Martin Corporation,Industrials,Aerospace & Defense
LNT,Alliant Energy Corporation,Utilities,Utilities - Regulated Electric
LOW,Lowe's Companies Inc.,Consumer Cyclical,Home Improvement Retail
LRCX,Lam Research Corporation,Technology,Semiconductor Equipment & Materials
LRCX,Lam Research Corporation,Technology,Semiconductor Equipment & Materials
LULU,lululemon athletica inc.,Consumer Cyclical,Apparel Retail
LULU,lululemon athletica inc.,Consumer Cyclical,Apparel Retail
LUV,Southwest Airlines Co.,Industrials,Airlines
LVS,Las Vegas Sands Corp.,Consumer Cyclical,Resorts & Casinos
LW,Lamb Weston Holdings Inc.,Consumer Defensive,Packaged Foods
LYB,LyondellBasell Industries N.V.,Basic Materials,Specialty Chemicals
LYV,Live Nation Entertainment Inc.,Communication Services,Entertainment
MA,Mastercard Incorporated,Financial Services,Credit Services
MAA,Mid-America Apartment Communities Inc.,Real Estate,REIT - Residential
MAR,Marriott International Inc.,Consumer Cyclical,Lodging
MAR,Marriott International Inc.,Consumer Cyclical,Lodging
MAS,Masco Corporation,Industrials,Building Products & Equipment
MCD,McDonald's Corporation,Consumer Cyclical,Restaurants
MCD,McDonald's Corporation,Consumer Cyclical,Restaurants
MCHP,Microchip Technology Incorporated,Technology,Semiconductors
MCHP,Microchip Technology Incorporated,Technology,Semiconductors
MCK,McKesson Corporation,Healthcare,Medical Distribution
MCO,Moody's Corporation,Financial Services,Financial Data & Stock Exchanges
MDLZ,Mondelez International Inc.,Consumer Defensive,Confectioners
MDLZ,Mondelez International Inc.,Consumer Defensive,Confectioners
MDT,Medtronic plc,Healthcare,Medical Devices
MELI,MercadoLibre Inc.,Consumer Cyclical,Internet Retail
MET,MetLife Inc.,Financial Services,Insurance - Life
META,Meta Platforms Inc.,Communication Services,Internet Content & Information
META,Meta Platforms Inc.,Communication Services,Internet Content & Information
MGM,MGM Resorts International,Consumer Cyclical,Resorts & Casinos
MHK,Mohawk Industries Inc.,Consumer Cyclical,Furnishings Fixtures & Appliances
MKC,McCormick & Company Incorporated,Consumer Defensive,Packaged Foods
MLM,Martin Marietta Materials Inc.,Basic Materials,Building Materials
MMC,Marsh & McLennan Companies Inc.,Financial Services,Insurance Brokers
MMM,3M Company,Industrials,Conglomerates
MMM,3M Company,Industrials,Conglomerates
MNST,Monster Beverage Corporation,Consumer Defensive,Beverages - Non-Alcoholic
MNST,Monster Beverage Corporation,Consumer Defensive,Beverages - Non-Alcoholic
MO,Altria Group Inc.,Consumer Defensive,Tobacco
MOH,Molina Healthcare Inc.,Healthcare,Healthcare Plans
MOS,The Mosaic Company,Basic Materials,Agricultural Inputs
MPC,Marathon Petroleum Corporation,Energy,Oil & Gas Refining & Marketing
MPWR,Monolithic Power Systems Inc.,Technology,Semiconductors
MRK,Merck & Co. Inc.,Healthcare,Drug Manufacturers - General
MRK,Merck & Co. Inc.,Healthcare,Drug Manufacturers - General
MRNA,Moderna Inc.,Healthcare,Biotechnology
MRVL,Marvell Technology Inc.,Technology,Semiconductors
MS,Morgan Stanley,Financial Services,Capital Markets
MSCI,MSCI Inc.,Financial Services,Financial Data & Stock Exchanges
MSFT,Microsoft Corporation,Technology,Software - Infrastructure
MSFT,Microsoft Corporation,Technology,Software - Infrastructure
MSFT,Microsoft Corporation,Technology,Software - Infrastructure
MSI,Motorola Solutions Inc.,Technology,Communication Equipment
MSTR,Strategy Inc,Technology,Software - Application
MTB,M&T Bank Corporation,Financial Services,Banks - Regional
MTCH,Match Group Inc.,Communication Services,Internet Content & Information
MTD,Mettler-Toledo International Inc.,Healthcare,Diagnostics & Research
MU,Micron Technology Inc.,Technology,Semiconductors
MU,Micron Technology Inc.,Technology,Semiconductors
NCLH,Norwegian Cruise Line Holdings Ltd.,Consumer Cyclical,Travel Services
NDAQ,Nasdaq Inc.,Financial Services,Financial Data & Stock Exchanges
NDSN,Nordson Corporation,Industrials,Specialty Industrial Machinery
NEE,NextEra Energy Inc.,Utilities,Utilities - Regulated Electric
NEM,Newmont Corporation,Basic Materials,Gold
NFLX,Netflix Inc.,Communication Services,Entertainment
NFLX,Netflix Inc.,Communication Services,Entertainment
NI,NiSource Inc.,Utilities,Utilities - Regulated Gas
NKE,NIKE Inc.,Consumer Cyclical,Footwear & Accessories
NKE,NIKE Inc.,Consumer Cyclical,Footwear & Accessories
NOC,Northrop Grumman Corporation,Industrials,Aerospace & Defense
NOW,ServiceNow Inc.,Technology,Software - Application
NRG,NRG Energy Inc.,Utilities,Utilities - Independent Power Producers
NSC,Norfolk Southern Corporation,Industrials,Railroads
NTAP,NetApp Inc.,Technology,Software - Infrastructure
NTRS,Northern Trust Corporation,Financial Services,Asset Management
NUE,Nucor Corporation,Basic Materials,Steel
NVDA,NVIDIA Corporation,Technology,Semiconductors
NVDA,NVIDIA Corporation,Technology,Semiconductors
NVDA,NVIDIA Corporation,Technology,Semiconductors
NVR,NVR Inc.,Consumer Cyclical,Residential Construction
NWS,News Corporation,Communication Services,Entertainment
NWSA,News Corporation,Communication Services,Entertainment
NXPI,NXP Semiconductors N.V.,Technology,Semiconductors
NXPI,NXP Semiconductors N.V.,Technology,Semiconductors
O,Realty Income Corporation,Real Estate,REIT - Retail
ODFL,Old Dominion Freight Line Inc.,Industrials,Trucking
ODFL,Old Dominion Freight Line Inc.,Industrials,Trucking
OKE,ONEOK Inc.,Energy,Oil & Gas Midstream
OMC,Omnicom Group Inc.,Communication Services,Advertising Agencies
ON,ON Semiconductor Corporation,Technology,Semiconductors
ON,ON Semiconductor Corporation,Technology,Semiconductors
ORCL,Oracle Corporation,Technology,Software - Infrastructure
ORLY,O'Reilly Automotive Inc.,Consumer Cyclical,Auto Parts
ORLY,O'Reilly Automotive Inc.,Consumer Cyclical,Auto Parts
OTIS,Otis Worldwide Corporation,Industrials,Specialty Industrial Machinery
OXY,Occidental Petroleum Corporation,Energy,Oil & Gas E&P
PANW,Palo Alto Networks Inc.,Technology,Software - Infrastructure
PANW,Palo Alto Networks Inc.,Technology,Software - Infrastructure
PAYC,Paycom Software Inc.,Technology,Software - Application
PAYX,Paychex Inc.,Technology,Software - Application
PAYX,Paychex Inc.,Technology,Software - Application
PCAR,PACCAR Inc,Industrials,Farm & Heavy Construction Machinery
PCAR,PACCAR Inc,Industrials,Farm & Heavy Construction Machinery
PCG,PG&E Corporation,Utilities,Utilities - Regulated Electric
PDD,PDD Holdings Inc.,Consumer Cyclical,Internet Retail
PEG,Public Service Enterprise Group Incorporated,Utilities,Utilities - Regulated Electric
PEP,PepsiCo Inc.,Consumer Defensive,Beverages - Non-Alcoholic
PEP,PepsiCo Inc.,Consumer Defensive,Beverages - Non-Alcoholic
PFE,Pfizer Inc.,Healthcare,Drug Manufacturers - General
PFG,Principal Financial Group Inc.,Financial Services,Asset Management
PG,The Procter & Gamble Company,Consumer Defensive,Household & Personal Products
PG,The Procter & Gamble Company,Consumer Defensive,Household & Personal Products
PGR,The Progressive Corporation,Financial Services,Insurance - Property & Casualty
PH,Parker-Hannifin Corporation,Industrials,Specialty Industrial Machinery
PHM,PulteGroup Inc.,Consumer Cyclical,Residential Construction
PKG,Packaging Corporation of America,Consumer Cyclical,Packaging & Containers
PLD,Prologis Inc.,Real Estate,REIT - Industrial
PLTR,Palantir Technologies Inc.,Technology,Software - Infrastructure
PLTR,Palantir Technologies Inc.,Technology,Software - Infrastructure
PM,Philip Morris International Inc.,Consumer Defensive,Tobacco
PNC,The PNC Financial Services Group Inc.,Financial Services,Banks - Regional
PNR,Pentair plc,Industrials,Specialty Industrial Machinery
PNW,Pinnacle West Capital Corporation,Utilities,Utilities - Regulated Electric
PODD,Insulet Corporation,Healthcare,Medical Devices
POOL,Pool Corporation,Industrials,Industrial Distribution
PPG,PPG Industries Inc.,Basic Materials,Specialty Chemicals
PPL,PPL Corporation,Utilities,Utilities - Regulated Electric
PRU,Prudential Financial Inc.,Financial Services,Insurance - Life
PSA,Public Storage,Real Estate,REIT - Industrial
PSKY,Paramount Skydance Corporation,Communication Services,Entertainment
PSX,Phillips 66,Energy,Oil & Gas Refining & Marketing
PTC,PTC Inc.,Technology,Software - Application
PWR,Quanta Services Inc.,Industrials,Engineering & Construction
PYPL,PayPal Holdings Inc.,Financial Services,Credit Services
PYPL,PayPal Holdings Inc.,Financial Services,Credit Services
QCOM,QUALCOMM Incorporated,Technology,Semiconductors
QCOM,QUALCOMM Incorporated,Technology,Semiconductors
RCL,Royal Caribbean Cruises Ltd.,Consumer Cyclical,Travel Services
REG,Regency Centers Corporation,Real Estate,REIT - Retail
REGN,Regeneron Pharmaceuticals Inc.,Healthcare,Biotechnology
REGN,Regeneron Pharmaceuticals Inc.,Healthcare,Biotechnology
RF,Regions Financial Corporation,Financial Services,Banks - Regional
RJF,Raymond James Financial Inc.,Financial Services,Asset Management
RL,Ralph Lauren Corporation,Consumer Cyclical,Apparel Manufacturing
RMD,ResMed Inc.,Healthcare,Medical Instruments & Supplies
ROK,Rockwell Automation Inc.,Industrials,Specialty Industrial Machinery
ROL,Rollins Inc.,Consumer Cyclical,Personal Services
ROP,Roper Technologies Inc.,Technology,Software - Application
ROP,Roper Technologies Inc.,Technology,Software - Application
ROST,Ross Stores Inc.,Consumer Cyclical,Apparel Retail
ROST,Ross Stores Inc.,Consumer Cyclical,Apparel Retail
RSG,Republic Services Inc.,Industrials,Waste Management
RTX,RTX Corporation,Industrials,Aerospace & Defense
RVTY,Revvity Inc.,Healthcare,Diagnostics & Research
SBAC,SBA Communications Corporation,Real Estate,REIT - Specialty
SBUX,Starbucks Corporation,Consumer Cyclical,Restaurants
SBUX,Starbucks Corporation,Consumer Cyclical,Restaurants
SCHW,The Charles Schwab Corporation,Financial Services,Capital Markets
SHOP,Shopify Inc.,Technology,Software - Application
SHW,The Sherwin-Williams Company,Basic Materials,Specialty Chemicals
SHW,The Sherwin-Williams Company,Basic Materials,Specialty Chemicals
SJM,The J. M. Smucker Company,Consumer Defensive,Packaged Foods
SLB,Schlumberger Limited,Energy,Oil & Gas Equipment & Services
SMCI,Super Micro Computer Inc.,Technology,Computer Hardware
SNA,Snap-on Incorporated,Industrials,Tools & Accessories
SNPS,Synopsys Inc.,Technology,Software - Infrastructure
SNPS,Synopsys Inc.,Technology,Software - Infrastructure
SO,The Southern Company,Utilities,Utilities - Regulated Electric
SOLV,Solventum Corporation,Healthcare,Medical Instruments & Supplies
SPG,Simon Property Group Inc.,Real Estate,REIT - Retail
SPGI,S&P Global Inc.,Financial Services,Financial Data & Stock Exchanges
SRE,Sempra,Utilities,Utilities - Diversified
STE,STERIS plc,Healthcare,Medical Devices
STLD,Steel Dynamics Inc.,Basic Materials,Steel
STT,State Street Corporation,Financial Services,Asset Management
STX,Seagate Technology Holdings plc,Technology,Computer Hardware
STZ,Constellation Brands Inc.,Consumer Defensive,Beverages - Brewers
SW,Smurfit Westrock Plc,Consumer Cyclical,Packaging & Containers
SWK,Stanley Black & Decker Inc.,Industrials,Tools & Accessories
SWKS,Skyworks Solutions Inc.,Technology,Semiconductors
SYF,Synchrony Financial,Financial Services,Credit Services
SYK,Stryker Corporation,Healthcare,Medical Devices
SYY,Sysco Corporation,Consumer Defensive,Food Distribution
T,AT&T Inc.,Communication Services,Telecom Services
TAP,Molson Coors Beverage Company,Consumer Defensive,Beverages - Brewers
TDG,TransDigm Group Incorporated,Industrials,Aerospace & Defense
TDY,Teledyne Technologies Incorporated,Technology,Scientific & Technical Instruments
TEAM,Atlassian Corporation,Technology,Software - Application
TECH,Bio-Techne Corporation,Healthcare,Biotechnology
TEL,TE Connectivity plc,Technology,Electronic Components
TER,Teradyne Inc.,Technology,Semiconductor Equipment & Materials
TFC,Truist Financial Corporation,Financial Services,Banks - Regional
TGT,Target Corporation,Consumer Defensive,Discount Stores
TJX,The TJX Companies Inc.,Consumer Cyclical,Apparel Retail
TKO,TKO Group Holdings Inc.,Communication Services,Entertainment
TMO,Thermo Fisher Scientific Inc.,Healthcare,Diagnostics & Research
TMUS,T-Mobile US Inc.,Communication Services,Telecom Services
TMUS,T-Mobile US Inc.,Communication Services,Telecom Services
TPL,Texas Pacific Land Corporation,Energy,Oil & Gas E&P
TPR,Tapestry Inc.,Consumer Cyclical,Luxury Goods
TRGP,Targa Resources Corp.,Energy,Oil & Gas Midstream
TRI,Thomson Reuters Corporation,Industrials,Specialty Business Services
TRMB,Trimble Inc.,Technology,Scientific & Technical Instruments
TROW,T. Rowe Price Group Inc.,Financial Services,Asset Management
TRV,The Travelers Companies Inc.,Financial Services,Insurance - Property & Casualty
TRV,The Travelers Companies Inc.,Financial Services,Insurance - Property & Casualty
TSCO,Tractor Supply Company,Consumer Cyclical,Specialty Retail
TSLA,Tesla Inc.,Consumer Cyclical,Auto Manufacturers
TSLA,Tesla Inc.,Consumer Cyclical,Auto Manufacturers
TSN,Tyson Foods Inc.,Consumer Defensive,Farm Products
TT,Trane Technologies plc,Industrials,Building Products & Equipment
TTD,The Trade Desk Inc.,Communication Services,Advertising Agencies
TTD,The Trade Desk Inc.,Communication Services,Advertising Agencies
TTWO,Take-Two Interactive Software Inc.,Communication Services,Electronic Gaming & Multimedia
TTWO,Take-Two Interactive Software Inc.,Communication Services,Electronic Gaming & Multimedia
TXN,Texas Instruments Incorporated,Technology,Semiconductors
TXN,Texas Instruments Incorporated,Technology,Semiconductors
TXT,Textron Inc.,Industrials,Aerospace & Defense
TYL,Tyler Technologies Inc.,Technology,Software - Application
UAL,United Airlines Holdings Inc.,Industrials,Airlines
UBER,Uber Technologies Inc.,Technology,Software - Application
UDR,UDR Inc.,Real Estate,REIT - Residential
UHS,Universal Health Services Inc.,Healthcare,Medical Care Facilities
ULTA,Ulta Beauty Inc.,Consumer Cyclical,Specialty Retail
UNH,UnitedHealth Group Incorporated,Healthcare,Healthcare Plans
UNH,UnitedHealth Group Incorporated,Healthcare,Healthcare Plans
UNP,Union Pacific Corporation,Industrials,Railroads
UPS,United Parcel Service Inc.,Industrials,Integrated Freight & Logistics
URI,United Rentals Inc.,Industrials,Rental & Leasing Services
USB,U.S. Bancorp,Financial Services,Banks - Regional
V,Visa Inc.,Financial Services,Credit Services
V,Visa Inc.,Financial Services,Credit Services
VICI,VICI Properties Inc.,Real Estate,REIT - Diversified
VLO,Valero Energy Corporation,Energy,Oil & Gas Refining & Marketing
VLTO,Veralto Corporation,Industrials,Pollution & Treatment Controls
VMC,Vulcan Materials Company,Basic Materials,Building Materials
VRSK,Verisk Analytics Inc.,Industrials,Consulting Services
VRSK,Verisk Analytics Inc.,Industrials,Consulting Services
VRSN,VeriSign Inc.,Technology,Software - Infrastructure
VRTX,Vertex Pharmaceuticals Incorporated,Healthcare,Biotechnology
VRTX,Vertex Pharmaceuticals Incorporated,Healthcare,Biotechnology
VST,Vistra Corp.,Utilities,Utilities - Independent Power Producers
VTR,Ventas Inc.,Real Estate,REIT - Healthcare Facilities
VTRS,Viatris Inc.,Healthcare,Drug Manufacturers - Specialty & Generic
VZ,Verizon Communications Inc.,Communication Services,Telecom Services
VZ,Verizon Communications Inc.,Communication Services,Telecom Services
WAB,Westinghouse Air Brake Technologies Corporation,Industrials,Railroads
WAT,Waters Corporation,Healthcare,Diagnostics & Research
WBD,Warner Bros. Discovery Inc.,Communication Services,Entertainment
WBD,Warner Bros. Discovery Inc.,Communication Services,Entertainment
WDAY,Workday Inc.,Technology,Software - Application
WDAY,Workday Inc.,Technology,Software - Application
WDC,Western Digital Corporation,Technology,Computer Hardware
WEC,WEC Energy Group Inc.,Utilities,Utilities - Regulated Electric
WELL,Welltower Inc.,Real Estate,REIT - Healthcare Facilities
WFC,Wells Fargo & Company,Financial Services,Banks - Diversified
WM,Waste Management Inc.,Industrials,Waste Management
WMB,The Williams Companies Inc.,Energy,Oil & Gas Midstream
WMT,Walmart Inc.,Consumer Defensive,Discount Stores
WMT,Walmart Inc.,Consumer Defensive,Discount Stores
WRB,W. R. Berkley Corporation,Financial Services,Insurance - Property & Casualty
WSM,Williams-Sonoma Inc.,Consumer Cyclical,Specialty Retail
WST,West Pharmaceutical Services Inc.,Healthcare,Medical Instruments & Supplies
WTW,Willis Towers Watson Public Limited Company,Financial Services,Insurance Brokers
WY,Weyerhaeuser Company,Real Estate,REIT - Specialty
WYNN,Wynn Resorts Limited,Consumer Cyclical,Resorts & Casinos
XEL,Xcel Energy Inc.,Utilities,Utilities - Regulated Electric
XEL,Xcel Energy Inc.,Utilities,Utilities - Regulated Electric
XOM,Exxon Mobil Corporation,Energy,Oil & Gas Integrated
XYL,Xylem Inc.,Industrials,Specialty Industrial Machinery
XYZ,Block Inc.,Technology,Software - Infrastructure
YUM,Yum! Brands Inc.,Consumer Cyclical,Restaurants
ZBH,Zimmer Biomet Holdings Inc.,Healthcare,Medical Devices
ZBRA,Zebra Technologies Corporation,Technology,Communication Equipment
ZS,Zscaler Inc.,Technology,Software - Infrastructure
ZTS,Zoetis Inc.,Healthcare,Drug Manufacturers - Specialty & Generic
